story,question,answer
"Mina found a small blue umbrella near the school gate. She took it to the lost-and-found room. The next day, a younger student came looking for it.",Where did Mina find the umbrella?,Near the school gate.
"Mina found a small blue umbrella near the school gate. She took it to the lost-and-found room. The next day, a younger student came looking for it.",What did Mina do with the umbrella?,She took it to the lost-and-found room.
"Mina found a small blue umbrella near the school gate. She took it to the lost-and-found room. The next day, a younger student came looking for it.",Who came looking for the umbrella?,A younger student.
"Rafi planted three tomato seeds in a pot. He placed the pot beside a sunny window and watered it every morning. After two weeks, he saw the first green leaves.",How many tomato seeds did Rafi plant?,Three.
"Rafi planted three tomato seeds in a pot. He placed the pot beside a sunny window and watered it every morning. After two weeks, he saw the first green leaves.",Where did Rafi place the pot?,Beside a sunny window.
"Rafi planted three tomato seeds in a pot. He placed the pot beside a sunny window and watered it every morning. After two weeks, he saw the first green leaves.",When did Rafi see the first green leaves?,After two weeks.
"Nila was walking home when she noticed that the bakery was still open. She had only enough money for one bun, so she bought it and shared half with her little brother.",What did Nila buy?,One bun.
"Nila was walking home when she noticed that the bakery was still open. She had only enough money for one bun, so she bought it and shared half with her little brother.",Who received half of the bun?,Her little brother.
"Nila was walking home when she noticed that the bakery was still open. She had only enough money for one bun, so she bought it and shared half with her little brother.",Why did Nila buy only one bun?,She had only enough money for one bun.
Arman built a paper boat with his sister. They placed it in a shallow stream after the rain. The boat moved slowly until a small twig blocked its path.,Who built the paper boat with Arman?,His sister.
Arman built a paper boat with his sister. They placed it in a shallow stream after the rain. The boat moved slowly until a small twig blocked its path.,Where did they put the paper boat?,In a shallow stream.
Arman built a paper boat with his sister. They placed it in a shallow stream after the rain. The boat moved slowly until a small twig blocked its path.,What stopped the boat?,A small twig.
Sara forgot her lunch box on the kitchen table. Her mother noticed it before leaving home and put it inside Sara's school bag. Sara discovered it during the lunch break.,Where did Sara forget her lunch box?,On the kitchen table.
Sara forgot her lunch box on the kitchen table. Her mother noticed it before leaving home and put it inside Sara's school bag. Sara discovered it during the lunch break.,Who put the lunch box in the school bag?,Sara's mother.
Sara forgot her lunch box on the kitchen table. Her mother noticed it before leaving home and put it inside Sara's school bag. Sara discovered it during the lunch break.,When did Sara discover the lunch box?,During the lunch break.
"A small library opened beside the community park. Tuhin visited it every Saturday because he wanted to learn about space. One afternoon, he borrowed a book about the Moon.",Where did the library open?,Beside the community park.
"A small library opened beside the community park. Tuhin visited it every Saturday because he wanted to learn about space. One afternoon, he borrowed a book about the Moon.",Why did Tuhin visit the library?,He wanted to learn about space.
"A small library opened beside the community park. Tuhin visited it every Saturday because he wanted to learn about space. One afternoon, he borrowed a book about the Moon.",What book did Tuhin borrow?,A book about the Moon.
"Lima heard a kitten crying under a wooden bench. She called her brother, and together they moved the bench carefully. The kitten came out and ran toward a nearby garden.",Where was the kitten hiding?,Under a wooden bench.
"Lima heard a kitten crying under a wooden bench. She called her brother, and together they moved the bench carefully. The kitten came out and ran toward a nearby garden.",Who helped Lima?,Her brother.
"Lima heard a kitten crying under a wooden bench. She called her brother, and together they moved the bench carefully. The kitten came out and ran toward a nearby garden.",Where did the kitten run?,Toward a nearby garden.
